coalition,value
"(0, 1, 2, 3, 4, 5, 6, 7, 8, 9)",0.9978724718093872
"(0,)",0.0018511515809223056
"(1,)",0.0009311272297054529
"(2,)",0.3652653396129608
"(3,)",0.0001205162116093561
"(4,)",0.05185765027999878
"(5,)",0.0020360457710921764
"(6,)",0.005054413340985775
"(7,)",0.0015243228990584612
"(8,)",0.0032446901313960552
"(9,)",0.023791739717125893
"(0, 1)",0.0016710005002096295
"(0, 2)",0.4347432851791382
"(0, 3)",0.0002248727105325088
"(0, 4)",0.08552614599466324
"(0, 5)",0.0033911315258592367
"(0, 6)",0.009236966259777546
"(0, 7)",0.003012682544067502
"(0, 8)",0.0058437492698431015
"(0, 9)",0.03689466416835785
"(1, 2)",0.4038670063018799
"(1, 3)",0.00011092697241110727
"(1, 4)",0.047922972589731216
"(1, 5)",0.0019602137617766857
"(1, 6)",0.004444758407771587
"(1, 7)",0.0013946075923740864
"(1, 8)",0.002911970019340515
"(1, 9)",0.021820494905114174
"(2, 3)",0.1102667897939682
"(2, 4)",0.861517071723938
"(2, 5)",0.40244778990745544
"(2, 6)",0.6962757706642151
"(2, 7)",0.47861284017562866
"(2, 8)",0.5366392135620117
"(2, 9)",0.8041946291923523
"(3, 4)",0.007257453631609678
"(3, 5)",0.00026125292060896754
"(3, 6)",0.000616946374066174
"(3, 7)",0.00018002292199525982
"(3, 8)",0.0003965139330830425
"(3, 9)",0.003066434059292078
"(4, 5)",0.08599978685379028
"(4, 6)",0.19741888344287872
"(4, 7)",0.07608314603567123
"(4, 8)",0.13496479392051697
"(4, 9)",0.4981016218662262
"(5, 6)",0.010064802132546902
"(5, 7)",0.003453588578850031
"(5, 8)",0.007058900315314531
"(5, 9)",0.03896747902035713
"(6, 7)",0.007204197812825441
"(6, 8)",0.015541858039796352
"(6, 9)",0.10580574721097946
"(7, 8)",0.004695982206612825
"(7, 9)",0.035311259329319
"(8, 9)",0.06689230352640152
"(0, 1, 2)",0.5038188099861145
"(0, 1, 3)",0.0002047495945589617
"(0, 1, 4)",0.07964355498552322
"(0, 1, 5)",0.0032908678986132145
"(0, 1, 6)",0.007909191772341728
"(0, 1, 7)",0.0027522663585841656
"(0, 1, 8)",0.005172007717192173
"(0, 1, 9)",0.034034207463264465
"(0, 2, 3)",0.15658621490001678
"(0, 2, 4)",0.8885359168052673
"(0, 2, 5)",0.4538131058216095
"(0, 2, 6)",0.7643174529075623
"(0, 2, 7)",0.5596767663955688
"(0, 2, 8)",0.599963903427124
"(0, 2, 9)",0.8400358557701111
"(0, 3, 4)",0.013108426705002785
"(0, 3, 5)",0.00045317510375753045
"(0, 3, 6)",0.0011740400223061442
"(0, 3, 7)",0.00036884346627630293
"(0, 3, 8)",0.0007410032558254898
"(0, 3, 9)",0.005013666581362486
"(0, 4, 5)",0.12678471207618713
"(0, 4, 6)",0.30277392268180847
"(0, 4, 7)",0.1322670727968216
"(0, 4, 8)",0.21030578017234802
"(0, 4, 9)",0.5957061052322388
"(0, 5, 6)",0.016902124509215355
"(0, 5, 7)",0.006312218029052019
"(0, 5, 8)",0.012020093388855457
"(0, 5, 9)",0.05511229485273361
"(0, 6, 7)",0.014681105501949787
"(0, 6, 8)",0.027864785864949226
"(0, 6, 9)",0.15846166014671326
"(0, 7, 8)",0.009277806617319584
"(0, 7, 9)",0.05835061892867088
"(0, 8, 9)",0.10075251758098602
"(1, 2, 3)",0.12144161760807037
"(1, 2, 4)",0.8872137069702148
"(1, 2, 5)",0.45685654878616333
"(1, 2, 6)",0.6913797855377197
"(1, 2, 7)",0.527018129825592
"(1, 2, 8)",0.5859559178352356
"(1, 2, 9)",0.8436523079872131
"(1, 3, 4)",0.0067607383243739605
"(1, 3, 5)",0.00025689456379041076
"(1, 3, 6)",0.0005557778058573604
"(1, 3, 7)",0.0001684832968749106
"(1, 3, 8)",0.0003619916969910264
"(1, 3, 9)",0.0027847359888255596
"(1, 4, 5)",0.08483192324638367
"(1, 4, 6)",0.17108166217803955
"(1, 4, 7)",0.07236121594905853
"(1, 4, 8)",0.12416486442089081
"(1, 4, 9)",0.48891350626945496
"(1, 5, 6)",0.009380931966006756
"(1, 5, 7)",0.003313789376989007
"(1, 5, 8)",0.006557770073413849
"(1, 5, 9)",0.03825392201542854
"(1, 6, 7)",0.0065455250442028046
"(1, 6, 8)",0.013577841222286224
"(1, 6, 9)",0.09277047961950302
"(1, 7, 8)",0.004246806260198355
"(1, 7, 9)",0.0328056775033474
"(1, 8, 9)",0.06228407099843025
"(2, 3, 4)",0.6932383179664612
"(2, 3, 5)",0.15251624584197998
"(2, 3, 6)",0.355897456407547
"(2, 3, 7)",0.1639632284641266
"(2, 3, 8)",0.22409698367118835
"(2, 3, 9)",0.5363183617591858
"(2, 4, 5)",0.8702100515365601
"(2, 4, 6)",0.9578174352645874
"(2, 4, 7)",0.9038392305374146
"(2, 4, 8)",0.921412467956543
"(2, 4, 9)",0.9735901951789856
"(2, 5, 6)",0.7380332946777344
"(2, 5, 7)",0.5773487091064453
"(2, 5, 8)",0.6349851489067078
"(2, 5, 9)",0.8082032203674316
"(2, 6, 7)",0.7896300554275513
"(2, 6, 8)",0.8196794986724854
"(2, 6, 9)",0.9438456892967224
"(2, 7, 8)",0.6330588459968567
"(2, 7, 9)",0.8616641163825989
"(2, 8, 9)",0.8662682175636292
"(3, 4, 5)",0.014420466497540474
"(3, 4, 6)",0.03438252955675125
"(3, 4, 7)",0.01094689778983593
"(3, 4, 8)",0.022020386531949043
"(3, 4, 9)",0.146055206656456
"(3, 5, 6)",0.0013490086421370506
"(3, 5, 7)",0.00044123720726929605
"(3, 5, 8)",0.0009616416646167636
"(3, 5, 9)",0.0059003145433962345
"(3, 6, 7)",0.0008821472874842584
"(3, 6, 8)",0.0020170460920780897
"(3, 6, 9)",0.015529569238424301
"(3, 7, 8)",0.0005802306113764644
"(3, 7, 9)",0.004689573775976896
"(3, 8, 9)",0.009744885377585888
"(4, 5, 6)",0.2981538772583008
"(4, 5, 7)",0.14107255637645721
"(4, 5, 8)",0.22687672078609467
"(4, 5, 9)",0.5485959649085999
"(4, 6, 7)",0.2641446888446808
"(4, 6, 8)",0.411478728055954
"(4, 6, 9)",0.8105041980743408
"(4, 7, 8)",0.18601708114147186
"(4, 7, 9)",0.5994070172309875
"(4, 8, 9)",0.6861555576324463
"(5, 6, 7)",0.016375649720430374
"(5, 6, 8)",0.03348264470696449
"(5, 6, 9)",0.16685751080513
"(5, 7, 8)",0.011584168300032616
"(5, 7, 9)",0.06470084190368652
"(5, 8, 9)",0.11740121245384216
"(6, 7, 8)",0.021816227585077286
"(6, 7, 9)",0.14734335243701935
"(6, 8, 9)",0.25116485357284546
"(7, 8, 9)",0.09351125359535217
"(0, 1, 2, 3)",0.18259279429912567
"(0, 1, 2, 4)",0.9241070747375488
"(0, 1, 2, 5)",0.5353713631629944
"(0, 1, 2, 6)",0.7888476252555847
"(0, 1, 2, 7)",0.6370776891708374
"(0, 1, 2, 8)",0.6667977571487427
"(0, 1, 2, 9)",0.8833017349243164
"(0, 1, 3, 4)",0.012161226943135262
"(0, 1, 3, 5)",0.00044595383224077523
"(0, 1, 3, 6)",0.0010226983577013016
"(0, 1, 3, 7)",0.0003413254162296653
"(0, 1, 3, 8)",0.00066029914887622
"(0, 1, 3, 9)",0.004496852867305279
"(0, 1, 4, 5)",0.1270696073770523
"(0, 1, 4, 6)",0.2639321982860565
"(0, 1, 4, 7)",0.12711480259895325
"(0, 1, 4, 8)",0.19368626177310944
"(0, 1, 4, 9)",0.5937830805778503
"(0, 1, 5, 6)",0.015390023589134216
"(0, 1, 5, 7)",0.006068880204111338
"(0, 1, 5, 8)",0.011105441488325596
"(0, 1, 5, 9)",0.05476057529449463
"(0, 1, 6, 7)",0.012997729703783989
"(0, 1, 6, 8)",0.023668205365538597
"(0, 1, 6, 9)",0.13874994218349457
"(0, 1, 7, 8)",0.008350432850420475
"(0, 1, 7, 9)",0.05495240539312363
"(0, 1, 8, 9)",0.09340272843837738
"(0, 2, 3, 4)",0.7506188154220581
"(0, 2, 3, 5)",0.19523216784000397
"(0, 2, 3, 6)",0.4576859474182129
"(0, 2, 3, 7)",0.23612698912620544
"(0, 2, 3, 8)",0.2881188988685608
"(0, 2, 3, 9)",0.6034421324729919
"(0, 2, 4, 5)",0.8945924043655396
"(0, 2, 4, 6)",0.9714418053627014
"(0, 2, 4, 7)",0.9195232391357422
"(0, 2, 4, 8)",0.9364849328994751
"(0, 2, 4, 9)",0.9802610278129578
"(0, 2, 5, 6)",0.7799717783927917
"(0, 2, 5, 7)",0.6426613926887512
"(0, 2, 5, 8)",0.6770063638687134
"(0, 2, 5, 9)",0.8396117687225342
"(0, 2, 6, 7)",0.8524170517921448
"(0, 2, 6, 8)",0.8608255982398987
"(0, 2, 6, 9)",0.9582058191299438
"(0, 2, 7, 8)",0.7002342939376831
"(0, 2, 7, 9)",0.8885840177536011
"(0, 2, 8, 9)",0.8928260803222656
"(0, 3, 4, 5)",0.0233206357806921
"(0, 3, 4, 6)",0.06214088574051857
"(0, 3, 4, 7)",0.02140454761683941
"(0, 3, 4, 8)",0.0396878644824028
"(0, 3, 4, 9)",0.21141819655895233
"(0, 3, 5, 6)",0.0023778011091053486
"(0, 3, 5, 7)",0.0008448961307294667
"(0, 3, 5, 8)",0.001710381475277245
"(0, 3, 5, 9)",0.008775507099926472
"(0, 3, 6, 7)",0.0018744849367067218
"(0, 3, 6, 8)",0.003798510180786252
"(0, 3, 6, 9)",0.025540633127093315
"(0, 3, 7, 8)",0.0011905314167961478
"(0, 3, 7, 9)",0.00830751657485962
"(0, 3, 8, 9)",0.015734272077679634
"(0, 4, 5, 6)",0.40428972244262695
"(0, 4, 5, 7)",0.2145463526248932
"(0, 4, 5, 8)",0.31729230284690857
"(0, 4, 5, 9)",0.6268442273139954
"(0, 4, 6, 7)",0.4134034812450409
"(0, 4, 6, 8)",0.5469666123390198
"(0, 4, 6, 9)",0.8692891597747803
"(0, 4, 7, 8)",0.2949386239051819
"(0, 4, 7, 9)",0.6965095400810242
"(0, 4, 8, 9)",0.7621437907218933
"(0, 5, 6, 7)",0.030403073877096176
"(0, 5, 6, 8)",0.05608810484409332
"(0, 5, 6, 9)",0.22595004737377167
"(0, 5, 7, 8)",0.02142958901822567
"(0, 5, 7, 9)",0.09644785523414612
"(0, 5, 8, 9)",0.16560454666614532
"(0, 6, 7, 8)",0.0434916727244854
"(0, 6, 7, 9)",0.23044408857822418
"(0, 6, 8, 9)",0.34683430194854736
"(0, 7, 8, 9)",0.14813446998596191
"(1, 2, 3, 4)",0.7401641607284546
"(1, 2, 3, 5)",0.1803811490535736
"(1, 2, 3, 6)",0.34949159622192383
"(1, 2, 3, 7)",0.18311205506324768
"(1, 2, 3, 8)",0.2522573173046112
"(1, 2, 3, 9)",0.6075824499130249
"(1, 2, 4, 5)",0.8918483853340149
"(1, 2, 4, 6)",0.9574092030525208
"(1, 2, 4, 7)",0.9296479821205139
"(1, 2, 4, 8)",0.9376594424247742
"(1, 2, 4, 9)",0.9780541658401489
"(1, 2, 5, 6)",0.7592697143554688
"(1, 2, 5, 7)",0.6280989050865173
"(1, 2, 5, 8)",0.6830768585205078
"(1, 2, 5, 9)",0.8439085483551025
"(1, 2, 6, 7)",0.7828797101974487
"(1, 2, 6, 8)",0.8218895196914673
"(1, 2, 6, 9)",0.9491239190101624
"(1, 2, 7, 8)",0.6807906031608582
"(1, 2, 7, 9)",0.895968496799469
"(1, 2, 8, 9)",0.8939872980117798
"(1, 3, 4, 5)",0.01450873538851738
"(1, 3, 4, 6)",0.0303890909999609
"(1, 3, 4, 7)",0.01060907356441021
"(1, 3, 4, 8)",0.02032059244811535
"(1, 3, 4, 9)",0.1404271274805069
"(1, 3, 5, 6)",0.0012916941195726395
"(1, 3, 5, 7)",0.00043435386032797396
"(1, 3, 5, 8)",0.000912403455004096
"(1, 3, 5, 9)",0.005738027393817902
"(1, 3, 6, 7)",0.0008260700269602239
"(1, 3, 6, 8)",0.0018148485105484724
"(1, 3, 6, 9)",0.013501603156328201
"(1, 3, 7, 8)",0.000535142666194588
"(1, 3, 7, 9)",0.004336562938988209
"(1, 3, 8, 9)",0.008985004387795925
"(1, 4, 5, 6)",0.27262812852859497
"(1, 4, 5, 7)",0.13996517658233643
"(1, 4, 5, 8)",0.2147393524646759
"(1, 4, 5, 9)",0.5570407509803772
"(1, 4, 6, 7)",0.24085523188114166
"(1, 4, 6, 8)",0.36571449041366577
"(1, 4, 6, 9)",0.7851962447166443
"(1, 4, 7, 8)",0.17628063261508942
"(1, 4, 7, 9)",0.5974053144454956
"(1, 4, 8, 9)",0.6727709770202637
"(1, 5, 6, 7)",0.015557692386209965
"(1, 5, 6, 8)",0.030753159895539284
"(1, 5, 6, 9)",0.15654782950878143
"(1, 5, 7, 8)",0.01075248047709465
"(1, 5, 7, 9)",0.06324446946382523
"(1, 5, 8, 9)",0.11347823590040207
"(1, 6, 7, 8)",0.019478924572467804
"(1, 6, 7, 9)",0.13269753754138947
"(1, 6, 8, 9)",0.22623570263385773
"(1, 7, 8, 9)",0.08746945858001709
"(2, 3, 4, 5)",0.7176000475883484
"(2, 3, 4, 6)",0.8958566188812256
"(2, 3, 4, 7)",0.7765901684761047
"(2, 3, 4, 8)",0.8144584894180298
"(2, 3, 4, 9)",0.933821976184845
"(2, 3, 5, 6)",0.45122030377388
"(2, 3, 5, 7)",0.2546271085739136
"(2, 3, 5, 8)",0.3401172459125519
"(2, 3, 5, 9)",0.5715382695198059
"(2, 3, 6, 7)",0.46651938557624817
"(2, 3, 6, 8)",0.5508233904838562
"(2, 3, 6, 9)",0.8347983360290527
"(2, 3, 7, 8)",0.3053962290287018
"(2, 3, 7, 9)",0.6333571076393127
"(2, 3, 8, 9)",0.663496732711792
"(2, 4, 5, 6)",0.9623674750328064
"(2, 4, 5, 7)",0.9304165840148926
"(2, 4, 5, 8)",0.9404375553131104
"(2, 4, 5, 9)",0.973347544670105
"(2, 4, 6, 7)",0.9744477868080139
"(2, 4, 6, 8)",0.9784917831420898
"(2, 4, 6, 9)",0.9929078817367554
"(2, 4, 7, 8)",0.9433176517486572
"(2, 4, 7, 9)",0.9825507998466492
"(2, 4, 8, 9)",0.9838067293167114
"(2, 5, 6, 7)",0.8534367084503174
"(2, 5, 6, 8)",0.8712543249130249
"(2, 5, 6, 9)",0.9489628672599792
"(2, 5, 7, 8)",0.7645853757858276
"(2, 5, 7, 9)",0.8909856081008911
"(2, 5, 8, 9)",0.9099039435386658
"(2, 6, 7, 8)",0.8724314570426941
"(2, 6, 7, 9)",0.9641237258911133
"(2, 6, 8, 9)",0.9647598266601562
"(2, 7, 8, 9)",0.901587963104248
"(3, 4, 5, 6)",0.0663696900010109
"(3, 4, 5, 7)",0.024786964058876038
"(3, 4, 5, 8)",0.04825086519122124
"(3, 4, 5, 9)",0.20892645418643951
"(3, 4, 6, 7)",0.048914436250925064
"(3, 4, 6, 8)",0.09936586767435074
"(3, 4, 6, 9)",0.446723610162735
"(3, 4, 7, 8)",0.03206914663314819
"(3, 4, 7, 9)",0.20785024762153625
"(3, 4, 8, 9)",0.31537172198295593
"(3, 5, 6, 7)",0.0021840520203113556
"(3, 5, 6, 8)",0.0048421393148601055
"(3, 5, 6, 9)",0.029735108837485313
"(3, 5, 7, 8)",0.0015867747133597732
"(3, 5, 7, 9)",0.010142265819013119
"(3, 5, 8, 9)",0.021046476438641548
"(3, 6, 7, 8)",0.002878526458516717
"(3, 6, 7, 9)",0.022843345999717712
"(3, 6, 8, 9)",0.04743963107466698
"(3, 7, 8, 9)",0.014414381235837936
"(4, 5, 6, 7)",0.4171878397464752
"(4, 5, 6, 8)",0.5671815872192383
"(4, 5, 6, 9)",0.8471393585205078
"(4, 5, 7, 8)",0.32671621441841125
"(4, 5, 7, 9)",0.6807006001472473
"(4, 5, 8, 9)",0.7546645402908325
"(4, 6, 7, 8)",0.5041012167930603
"(4, 6, 7, 9)",0.8658612966537476
"(4, 6, 8, 9)",0.9070536494255066
"(4, 7, 8, 9)",0.7563362121582031
"(5, 6, 7, 8)",0.052205245941877365
"(5, 6, 7, 9)",0.24707722663879395
"(5, 6, 8, 9)",0.38709479570388794
"(5, 7, 8, 9)",0.1747070848941803
"(6, 7, 8, 9)",0.3184971213340759
"(0, 1, 2, 3, 4)",0.815467894077301
"(0, 1, 2, 3, 5)",0.24289736151695251
"(0, 1, 2, 3, 6)",0.4748428463935852
"(0, 1, 2, 3, 7)",0.27983248233795166
"(0, 1, 2, 3, 8)",0.33348461985588074
"(0, 1, 2, 3, 9)",0.6840190887451172
"(0, 1, 2, 4, 5)",0.9245159029960632
"(0, 1, 2, 4, 6)",0.9775596857070923
"(0, 1, 2, 4, 7)",0.9499560594558716
"(0, 1, 2, 4, 8)",0.9563484191894531
"(0, 1, 2, 4, 9)",0.9861225485801697
"(0, 1, 2, 5, 6)",0.8232690691947937
"(0, 1, 2, 5, 7)",0.7120212316513062
"(0, 1, 2, 5, 8)",0.7430137991905212
"(0, 1, 2, 5, 9)",0.8794770836830139
"(0, 1, 2, 6, 7)",0.870608389377594
"(0, 1, 2, 6, 8)",0.8776761889457703
"(0, 1, 2, 6, 9)",0.9673237204551697
"(0, 1, 2, 7, 8)",0.7640063166618347
"(0, 1, 2, 7, 9)",0.9235292077064514
"(0, 1, 2, 8, 9)",0.9200610518455505
"(0, 1, 3, 4, 5)",0.023722277954220772
"(0, 1, 3, 4, 6)",0.05357040837407112
"(0, 1, 3, 4, 7)",0.020592916756868362
"(0, 1, 3, 4, 8)",0.03606804832816124
"(0, 1, 3, 4, 9)",0.2051556557416916
"(0, 1, 3, 5, 6)",0.0022075874730944633
"(0, 1, 3, 5, 7)",0.0008251151302829385
"(0, 1, 3, 5, 8)",0.0015930846566334367
"(0, 1, 3, 5, 9)",0.008500475436449051
"(0, 1, 3, 6, 7)",0.0016923286020755768
"(0, 1, 3, 6, 8)",0.00328628602437675
"(0, 1, 3, 6, 9)",0.021632211282849312
"(0, 1, 3, 7, 8)",0.0010811412939801812
"(0, 1, 3, 7, 9)",0.007610487286001444
"(0, 1, 3, 8, 9)",0.014108410105109215
"(0, 1, 4, 5, 6)",0.37132319808006287
"(0, 1, 4, 5, 7)",0.21477892994880676
"(0, 1, 4, 5, 8)",0.30211886763572693
"(0, 1, 4, 5, 9)",0.6430631279945374
"(0, 1, 4, 6, 7)",0.3820621967315674
"(0, 1, 4, 6, 8)",0.4948837459087372
"(0, 1, 4, 6, 9)",0.853232204914093
"(0, 1, 4, 7, 8)",0.28253069519996643
"(0, 1, 4, 7, 9)",0.7026042342185974
"(0, 1, 4, 8, 9)",0.7534018754959106
"(0, 1, 5, 6, 7)",0.02811344899237156
"(0, 1, 5, 6, 8)",0.050287697464227676
"(0, 1, 5, 6, 9)",0.2118818610906601
"(0, 1, 5, 7, 8)",0.019810602068901062
"(0, 1, 5, 7, 9)",0.09552302211523056
"(0, 1, 5, 8, 9)",0.16030871868133545
"(0, 1, 6, 7, 8)",0.03811425343155861
"(0, 1, 6, 7, 9)",0.20970183610916138
"(0, 1, 6, 8, 9)",0.31337034702301025
"(0, 1, 7, 8, 9)",0.14082390069961548
"(0, 2, 3, 4, 5)",0.7649681568145752
"(0, 2, 3, 4, 6)",0.9285576939582825
"(0, 2, 3, 4, 7)",0.8179441094398499
"(0, 2, 3, 4, 8)",0.8509442210197449
"(0, 2, 3, 4, 9)",0.9495830535888672
"(0, 2, 3, 5, 6)",0.5264950394630432
"(0, 2, 3, 5, 7)",0.3310323655605316
"(0, 2, 3, 5, 8)",0.4012829661369324
"(0, 2, 3, 5, 9)",0.6270504593849182
"(0, 2, 3, 6, 7)",0.5949428081512451
"(0, 2, 3, 6, 8)",0.6350834965705872
"(0, 2, 3, 6, 9)",0.8731220960617065
"(0, 2, 3, 7, 8)",0.39387238025665283
"(0, 2, 3, 7, 9)",0.6963984370231628
"(0, 2, 3, 8, 9)",0.719898521900177
"(0, 2, 4, 5, 6)",0.9728822112083435
"(0, 2, 4, 5, 7)",0.943993866443634
"(0, 2, 4, 5, 8)",0.9516869783401489
"(0, 2, 4, 5, 9)",0.9800294041633606
"(0, 2, 4, 6, 7)",0.9821025133132935
"(0, 2, 4, 6, 8)",0.9847456216812134
"(0, 2, 4, 6, 9)",0.9954742789268494
"(0, 2, 4, 7, 8)",0.9527617692947388
"(0, 2, 4, 7, 9)",0.9860535264015198
"(0, 2, 4, 8, 9)",0.9877233505249023
"(0, 2, 5, 6, 7)",0.8911062479019165
"(0, 2, 5, 6, 8)",0.8931359648704529
"(0, 2, 5, 6, 9)",0.9598873257637024
"(0, 2, 5, 7, 8)",0.8100854158401489
"(0, 2, 5, 7, 9)",0.9122125506401062
"(0, 2, 5, 8, 9)",0.9265848398208618
"(0, 2, 6, 7, 8)",0.9117977619171143
"(0, 2, 6, 7, 9)",0.9739770293235779
"(0, 2, 6, 8, 9)",0.973494291305542
"(0, 2, 7, 8, 9)",0.922920823097229
"(0, 3, 4, 5, 6)",0.10631382465362549
"(0, 3, 4, 5, 7)",0.043324992060661316
"(0, 3, 4, 5, 8)",0.07918122410774231
"(0, 3, 4, 5, 9)",0.2725859582424164
"(0, 3, 4, 6, 7)",0.0965740904211998
"(0, 3, 4, 6, 8)",0.16880755126476288
"(0, 3, 4, 6, 9)",0.5643016695976257
"(0, 3, 4, 7, 8)",0.06177850067615509
"(0, 3, 4, 7, 9)",0.30269262194633484
"(0, 3, 4, 8, 9)",0.4161533713340759
"(0, 3, 5, 6, 7)",0.004307533614337444
"(0, 3, 5, 6, 8)",0.008638707920908928
"(0, 3, 5, 6, 9)",0.04449106752872467
"(0, 3, 5, 7, 8)",0.003082615789026022
"(0, 3, 5, 7, 9)",0.01628696173429489
"(0, 3, 5, 8, 9)",0.03214619308710098
"(0, 3, 6, 7, 8)",0.006036793347448111
"(0, 3, 6, 7, 9)",0.040734224021434784
"(0, 3, 6, 8, 9)",0.07560031861066818
"(0, 3, 7, 8, 9)",0.025152700021862984
"(0, 4, 5, 6, 7)",0.5572940111160278
"(0, 4, 5, 6, 8)",0.678713321685791
"(0, 4, 5, 6, 9)",0.8889718055725098
"(0, 4, 5, 7, 8)",0.4498712122440338
"(0, 4, 5, 7, 9)",0.7521430850028992
"(0, 4, 5, 8, 9)",0.8142563104629517
"(0, 4, 6, 7, 8)",0.6595458388328552
"(0, 4, 6, 7, 9)",0.9131051898002625
"(0, 4, 6, 8, 9)",0.9369028210639954
"(0, 4, 7, 8, 9)",0.8236598372459412
"(0, 5, 6, 7, 8)",0.09520025551319122
"(0, 5, 6, 7, 9)",0.33930644392967224
"(0, 5, 6, 8, 9)",0.4897506535053253
"(0, 5, 7, 8, 9)",0.2525700628757477
"(0, 6, 7, 8, 9)",0.45157358050346375
"(1, 2, 3, 4, 5)",0.7629766464233398
"(1, 2, 3, 4, 6)",0.8938254117965698
"(1, 2, 3, 4, 7)",0.826000452041626
"(1, 2, 3, 4, 8)",0.8505890369415283
"(1, 2, 3, 4, 9)",0.9479080438613892
"(1, 2, 3, 5, 6)",0.4767853319644928
"(1, 2, 3, 5, 7)",0.29337504506111145
"(1, 2, 3, 5, 8)",0.3869020938873291
"(1, 2, 3, 5, 9)",0.6405547261238098
"(1, 2, 3, 6, 7)",0.46049827337265015
"(1, 2, 3, 6, 8)",0.5520848035812378
"(1, 2, 3, 6, 9)",0.8525370359420776
"(1, 2, 3, 7, 8)",0.3433035612106323
"(1, 2, 3, 7, 9)",0.7087783217430115
"(1, 2, 3, 8, 9)",0.7295590043067932
"(1, 2, 4, 5, 6)",0.9643998146057129
"(1, 2, 4, 5, 7)",0.9453843235969543
"(1, 2, 4, 5, 8)",0.9503026008605957
"(1, 2, 4, 5, 9)",0.9771279096603394
"(1, 2, 4, 6, 7)",0.9751816391944885
"(1, 2, 4, 6, 8)",0.9793274998664856
"(1, 2, 4, 6, 9)",0.9930205941200256
"(1, 2, 4, 7, 8)",0.9586624503135681
"(1, 2, 4, 7, 9)",0.9868592023849487
"(1, 2, 4, 8, 9)",0.9862126111984253
"(1, 2, 5, 6, 7)",0.8601852059364319
"(1, 2, 5, 6, 8)",0.8826864361763
"(1, 2, 5, 6, 9)",0.9561079144477844
"(1, 2, 5, 7, 8)",0.7946880459785461
"(1, 2, 5, 7, 9)",0.913854718208313
"(1, 2, 5, 8, 9)",0.9239869713783264
"(1, 2, 6, 7, 8)",0.8704664707183838
"(1, 2, 6, 7, 9)",0.9681869745254517
"(1, 2, 6, 8, 9)",0.9689523577690125
"(1, 2, 7, 8, 9)",0.9236955046653748
"(1, 3, 4, 5, 6)",0.06176057457923889
"(1, 3, 4, 5, 7)",0.02525622583925724
"(1, 3, 4, 5, 8)",0.04611474275588989
"(1, 3, 4, 5, 9)",0.21605953574180603
"(1, 3, 4, 6, 7)",0.04604123532772064
"(1, 3, 4, 6, 8)",0.0871262475848198
"(1, 3, 4, 6, 9)",0.4139290452003479
"(1, 3, 4, 7, 8)",0.030733492225408554
"(1, 3, 4, 7, 9)",0.2068999707698822
"(1, 3, 4, 8, 9)",0.30637025833129883
"(1, 3, 5, 6, 7)",0.002140454016625881
"(1, 3, 5, 6, 8)",0.004581853747367859
"(1, 3, 5, 6, 9)",0.02766137756407261
"(1, 3, 5, 7, 8)",0.0015145184006541967
"(1, 3, 5, 7, 9)",0.009906096383929253
"(1, 3, 5, 8, 9)",0.020366070792078972
"(1, 3, 6, 7, 8)",0.002661588601768017
"(1, 3, 6, 7, 9)",0.020473727956414223
"(1, 3, 6, 8, 9)",0.04223474860191345
"(1, 3, 7, 8, 9)",0.013454842381179333
"(1, 4, 5, 6, 7)",0.3961316645145416
"(1, 4, 5, 6, 8)",0.5297839045524597
"(1, 4, 5, 6, 9)",0.8356063365936279
"(1, 4, 5, 7, 8)",0.3138994574546814
"(1, 4, 5, 7, 9)",0.6862661838531494
"(1, 4, 5, 8, 9)",0.7444085478782654
"(1, 4, 6, 7, 8)",0.4660695195198059
"(1, 4, 6, 7, 9)",0.8517830967903137
"(1, 4, 6, 8, 9)",0.8935009837150574
"(1, 4, 7, 8, 9)",0.7482414841651917
"(1, 5, 6, 7, 8)",0.048216789960861206
"(1, 5, 6, 7, 9)",0.23521552979946136
"(1, 5, 6, 8, 9)",0.3682625889778137
"(1, 5, 7, 8, 9)",0.1666134148836136
"(1, 6, 7, 8, 9)",0.2896597683429718
"(2, 3, 4, 5, 6)",0.9111154675483704
"(2, 3, 4, 5, 7)",0.8329386115074158
"(2, 3, 4, 5, 8)",0.8630009293556213
"(2, 3, 4, 5, 9)",0.9336872100830078
"(2, 3, 4, 6, 7)",0.9337290525436401
"(2, 3, 4, 6, 8)",0.9452660083770752
"(2, 3, 4, 6, 9)",0.9823554158210754
"(2, 3, 4, 7, 8)",0.8645551204681396
"(2, 3, 4, 7, 9)",0.9556682109832764
"(2, 3, 4, 8, 9)",0.9590964913368225
"(2, 3, 5, 6, 7)",0.6090547442436218
"(2, 3, 5, 6, 8)",0.6839949488639832
"(2, 3, 5, 6, 9)",0.8603391647338867
"(2, 3, 5, 7, 8)",0.48289403319358826
"(2, 3, 5, 7, 9)",0.7085529565811157
"(2, 3, 5, 8, 9)",0.7738812565803528
"(2, 3, 6, 7, 8)",0.6511547565460205
"(2, 3, 6, 7, 9)",0.8862449526786804
"(2, 3, 6, 8, 9)",0.895560622215271
"(2, 3, 7, 8, 9)",0.7374730110168457
"(2, 4, 5, 6, 7)",0.9820399880409241
"(2, 4, 5, 6, 8)",0.9834521412849426
"(2, 4, 5, 6, 9)",0.9933112859725952
"(2, 4, 5, 7, 8)",0.9657988548278809
"(2, 4, 5, 7, 9)",0.9862952828407288
"(2, 4, 5, 8, 9)",0.9878900647163391
"(2, 4, 6, 7, 8)",0.9862448573112488
"(2, 4, 6, 7, 9)",0.9958595633506775
"(2, 4, 6, 8, 9)",0.9960929751396179
"(2, 4, 7, 8, 9)",0.9885100722312927
"(2, 5, 6, 7, 8)",0.9274569749832153
"(2, 5, 6, 7, 9)",0.9735715389251709
"(2, 5, 6, 8, 9)",0.9770919680595398
"(2, 5, 7, 8, 9)",0.9452193379402161
"(2, 6, 7, 8, 9)",0.975437581539154
"(3, 4, 5, 6, 7)",0.10548549890518188
"(3, 4, 5, 6, 8)",0.19588439166545868
"(3, 4, 5, 6, 9)",0.5581797957420349
"(3, 4, 5, 7, 8)",0.07802847027778625
"(3, 4, 5, 7, 9)",0.31606313586235046
"(3, 4, 5, 8, 9)",0.44559818506240845
"(3, 4, 6, 7, 8)",0.1374223828315735
"(3, 4, 6, 7, 9)",0.54755038022995
"(3, 4, 6, 8, 9)",0.6855043172836304
"(3, 4, 7, 8, 9)",0.4031902849674225
"(3, 5, 6, 7, 8)",0.007736134808510542
"(3, 5, 6, 7, 9)",0.048219431191682816
"(3, 5, 6, 8, 9)",0.09698210656642914
"(3, 5, 7, 8, 9)",0.034199416637420654
"(3, 6, 7, 8, 9)",0.06764890998601913
"(4, 5, 6, 7, 8)",0.6815520524978638
"(4, 5, 6, 7, 9)",0.9050065279006958
"(4, 5, 6, 8, 9)",0.9346423149108887
"(4, 5, 7, 8, 9)",0.8274700045585632
"(4, 6, 7, 8, 9)",0.9338151216506958
"(5, 6, 7, 8, 9)",0.4891569912433624
"(0, 1, 2, 3, 4, 5)",0.8241124153137207
"(0, 1, 2, 3, 4, 6)",0.9405679702758789
"(0, 1, 2, 3, 4, 7)",0.8769639134407043
"(0, 1, 2, 3, 4, 8)",0.8923102021217346
"(0, 1, 2, 3, 4, 9)",0.9652277231216431
"(0, 1, 2, 3, 5, 6)",0.5791580080986023
"(0, 1, 2, 3, 5, 7)",0.3947508931159973
"(0, 1, 2, 3, 5, 8)",0.468914270401001
"(0, 1, 2, 3, 5, 9)",0.7039781212806702
"(0, 1, 2, 3, 6, 7)",0.6184540390968323
"(0, 1, 2, 3, 6, 8)",0.6543846130371094
"(0, 1, 2, 3, 6, 9)",0.8973769545555115
"(0, 1, 2, 3, 7, 8)",0.4578692615032196
"(0, 1, 2, 3, 7, 9)",0.7760699391365051
"(0, 1, 2, 3, 8, 9)",0.7836223840713501
"(0, 1, 2, 4, 5, 6)",0.9795428514480591
"(0, 1, 2, 4, 5, 7)",0.962113082408905
"(0, 1, 2, 4, 5, 8)",0.9653900265693665
"(0, 1, 2, 4, 5, 9)",0.9850037097930908
"(0, 1, 2, 4, 6, 7)",0.986828088760376
"(0, 1, 2, 4, 6, 8)",0.9881380200386047
"(0, 1, 2, 4, 6, 9)",0.9964401125907898
"(0, 1, 2, 4, 7, 8)",0.9697391390800476
"(0, 1, 2, 4, 7, 9)",0.9908879995346069
"(0, 1, 2, 4, 8, 9)",0.9906684756278992
"(0, 1, 2, 5, 6, 7)",0.9110931754112244
"(0, 1, 2, 5, 6, 8)",0.9161665439605713
"(0, 1, 2, 5, 6, 9)",0.969944179058075
"(0, 1, 2, 5, 7, 8)",0.8508540987968445
"(0, 1, 2, 5, 7, 9)",0.9358339905738831
"(0, 1, 2, 5, 8, 9)",0.9429716467857361
"(0, 1, 2, 6, 7, 8)",0.9238746166229248
"(0, 1, 2, 6, 7, 9)",0.9804757237434387
"(0, 1, 2, 6, 8, 9)",0.9788097739219666
"(0, 1, 2, 7, 8, 9)",0.9444802403450012
"(0, 1, 3, 4, 5, 6)",0.09686794131994247
"(0, 1, 3, 4, 5, 7)",0.044091466814279556
"(0, 1, 3, 4, 5, 8)",0.07485061883926392
"(0, 1, 3, 4, 5, 9)",0.28522732853889465
"(0, 1, 3, 4, 6, 7)",0.08874284476041794
"(0, 1, 3, 4, 6, 8)",0.1451345831155777
"(0, 1, 3, 4, 6, 9)",0.5288610458374023
"(0, 1, 3, 4, 7, 8)",0.05875178426504135
"(0, 1, 3, 4, 7, 9)",0.30397918820381165
"(0, 1, 3, 4, 8, 9)",0.4049259126186371
"(0, 1, 3, 5, 6, 7)",0.0040562693029642105
"(0, 1, 3, 5, 6, 8)",0.00784771516919136
"(0, 1, 3, 5, 6, 9)",0.0404215008020401
"(0, 1, 3, 5, 7, 8)",0.0028888073284178972
"(0, 1, 3, 5, 7, 9)",0.015775717794895172
"(0, 1, 3, 5, 8, 9)",0.03040689043700695
"(0, 1, 3, 6, 7, 8)",0.005399107467383146
"(0, 1, 3, 6, 7, 9)",0.03569035232067108
"(0, 1, 3, 6, 8, 9)",0.06528986245393753
"(0, 1, 3, 7, 8, 9)",0.023235708475112915
"(0, 1, 4, 5, 6, 7)",0.531947672367096
"(0, 1, 4, 5, 6, 8)",0.6416664123535156
"(0, 1, 4, 5, 6, 9)",0.8830757141113281
"(0, 1, 4, 5, 7, 8)",0.434934139251709
"(0, 1, 4, 5, 7, 9)",0.7634520530700684
"(0, 1, 4, 5, 8, 9)",0.8093824982643127
"(0, 1, 4, 6, 7, 8)",0.6241409182548523
"(0, 1, 4, 6, 7, 9)",0.9072589874267578
"(0, 1, 4, 6, 8, 9)",0.9284762144088745
"(0, 1, 4, 7, 8, 9)",0.8214361667633057
"(0, 1, 5, 6, 7, 8)",0.08640629053115845
"(0, 1, 5, 6, 7, 9)",0.3247978687286377
"(0, 1, 5, 6, 8, 9)",0.4675683379173279
"(0, 1, 5, 7, 8, 9)",0.24428673088550568
"(0, 1, 6, 7, 8, 9)",0.4217355251312256
"(0, 2, 3, 4, 5, 6)",0.9344489574432373
"(0, 2, 3, 4, 5, 7)",0.8658022880554199
"(0, 2, 3, 4, 5, 8)",0.8888598680496216
"(0, 2, 3, 4, 5, 9)",0.948919951915741
"(0, 2, 3, 4, 6, 7)",0.9550188779830933
"(0, 2, 3, 4, 6, 8)",0.9610322117805481
"(0, 2, 3, 4, 6, 9)",0.9882344007492065
"(0, 2, 3, 4, 7, 8)",0.8904435038566589
"(0, 2, 3, 4, 7, 9)",0.964788019657135
"(0, 2, 3, 4, 8, 9)",0.9687483310699463
"(0, 2, 3, 5, 6, 7)",0.7019907236099243
"(0, 2, 3, 5, 6, 8)",0.7378964424133301
"(0, 2, 3, 5, 6, 9)",0.8878509998321533
"(0, 2, 3, 5, 7, 8)",0.5691590309143066
"(0, 2, 3, 5, 7, 9)",0.7581502199172974
"(0, 2, 3, 5, 8, 9)",0.8125100135803223
"(0, 2, 3, 6, 7, 8)",0.7466385364532471
"(0, 2, 3, 6, 7, 9)",0.9162319898605347
"(0, 2, 3, 6, 8, 9)",0.9193127155303955
"(0, 2, 3, 7, 8, 9)",0.7885496020317078
"(0, 2, 4, 5, 6, 7)",0.9874722957611084
"(0, 2, 4, 5, 6, 8)",0.9878342151641846
"(0, 2, 4, 5, 6, 9)",0.9955686926841736
"(0, 2, 4, 5, 7, 8)",0.9724783301353455
"(0, 2, 4, 5, 7, 9)",0.9895181059837341
"(0, 2, 4, 5, 8, 9)",0.990951657295227
"(0, 2, 4, 6, 7, 8)",0.9899985194206238
"(0, 2, 4, 6, 7, 9)",0.9971296191215515
"(0, 2, 4, 6, 8, 9)",0.9973433613777161
"(0, 2, 4, 7, 8, 9)",0.9909036755561829
"(0, 2, 5, 6, 7, 8)",0.9483983516693115
"(0, 2, 5, 6, 7, 9)",0.9802474975585938
"(0, 2, 5, 6, 8, 9)",0.982172429561615
"(0, 2, 5, 7, 8, 9)",0.957525908946991
"(0, 2, 6, 7, 8, 9)",0.9824778437614441
"(0, 3, 4, 5, 6, 7)",0.18070203065872192
"(0, 3, 4, 5, 6, 8)",0.2936845123767853
"(0, 3, 4, 5, 6, 9)",0.6480933427810669
"(0, 3, 4, 5, 7, 8)",0.13385261595249176
"(0, 3, 4, 5, 7, 9)",0.4071878492832184
"(0, 3, 4, 5, 8, 9)",0.5411018133163452
"(0, 3, 4, 6, 7, 8)",0.2455786168575287
"(0, 3, 4, 6, 7, 9)",0.6757438778877258
"(0, 3, 4, 6, 8, 9)",0.7736495137214661
"(0, 3, 4, 7, 8, 9)",0.5227715969085693
"(0, 3, 5, 6, 7, 8)",0.015246564522385597
"(0, 3, 5, 6, 7, 9)",0.07695913314819336
"(0, 3, 5, 6, 8, 9)",0.1442665010690689
"(0, 3, 5, 7, 8, 9)",0.055376965552568436
"(0, 3, 6, 7, 8, 9)",0.11586185544729233
"(0, 4, 5, 6, 7, 8)",0.7894114851951599
"(0, 4, 5, 6, 7, 9)",0.9341399073600769
"(0, 4, 5, 6, 8, 9)",0.9551109075546265
"(0, 4, 5, 7, 8, 9)",0.8749136328697205
"(0, 4, 6, 7, 8, 9)",0.9576969146728516
"(0, 5, 6, 7, 8, 9)",0.6152019500732422
"(1, 2, 3, 4, 5, 6)",0.9170712828636169
"(1, 2, 3, 4, 5, 7)",0.8681412935256958
"(1, 2, 3, 4, 5, 8)",0.8879703283309937
"(1, 2, 3, 4, 5, 9)",0.9461492896080017
"(1, 2, 3, 4, 6, 7)",0.9334676265716553
"(1, 2, 3, 4, 6, 8)",0.9470352530479431
"(1, 2, 3, 4, 6, 9)",0.9834045767784119
"(1, 2, 3, 4, 7, 8)",0.898699939250946
"(1, 2, 3, 4, 7, 9)",0.9679639339447021
"(1, 2, 3, 4, 8, 9)",0.9675765633583069
"(1, 2, 3, 5, 6, 7)",0.6260349154472351
"(1, 2, 3, 5, 6, 8)",0.7048783898353577
"(1, 2, 3, 5, 6, 9)",0.8826979398727417
"(1, 2, 3, 5, 7, 8)",0.5289255380630493
"(1, 2, 3, 5, 7, 9)",0.7684287428855896
"(1, 2, 3, 5, 8, 9)",0.8157082200050354
"(1, 2, 3, 6, 7, 8)",0.6499704122543335
"(1, 2, 3, 6, 7, 9)",0.9015475511550903
"(1, 2, 3, 6, 8, 9)",0.9105669260025024
"(1, 2, 3, 7, 8, 9)",0.7976911664009094
"(1, 2, 4, 5, 6, 7)",0.9830143451690674
"(1, 2, 4, 5, 6, 8)",0.9845165610313416
"(1, 2, 4, 5, 6, 9)",0.9935751557350159
"(1, 2, 4, 5, 7, 8)",0.972515881061554
"(1, 2, 4, 5, 7, 9)",0.9886993765830994
"(1, 2, 4, 5, 8, 9)",0.9888067245483398
"(1, 2, 4, 6, 7, 8)",0.9873653650283813
"(1, 2, 4, 6, 7, 9)",0.9962161183357239
"(1, 2, 4, 6, 8, 9)",0.9962865114212036
"(1, 2, 4, 7, 8, 9)",0.9907678961753845
"(1, 2, 5, 6, 7, 8)",0.9280364513397217
"(1, 2, 5, 6, 7, 9)",0.9770510792732239
"(1, 2, 5, 6, 8, 9)",0.9795172214508057
"(1, 2, 5, 7, 8, 9)",0.9527984261512756
"(1, 2, 6, 7, 8, 9)",0.9782458543777466
"(1, 3, 4, 5, 6, 7)",0.10252916067838669
"(1, 3, 4, 5, 6, 8)",0.17940329015254974
"(1, 3, 4, 5, 6, 9)",0.5415740013122559
"(1, 3, 4, 5, 7, 8)",0.07678097486495972
"(1, 3, 4, 5, 7, 9)",0.32719686627388
"(1, 3, 4, 5, 8, 9)",0.4433167576789856
"(1, 3, 4, 6, 7, 8)",0.12728606164455414
"(1, 3, 4, 6, 7, 9)",0.5277007222175598
"(1, 3, 4, 6, 8, 9)",0.658830463886261
"(1, 3, 4, 7, 8, 9)",0.4016384184360504
"(1, 3, 5, 6, 7, 8)",0.007442018482834101
"(1, 3, 5, 6, 7, 9)",0.04566241428256035
"(1, 3, 5, 6, 8, 9)",0.09182360768318176
"(1, 3, 5, 7, 8, 9)",0.033103566616773605
"(1, 3, 6, 7, 8, 9)",0.06125929579138756
"(1, 4, 5, 6, 7, 8)",0.6521522998809814
"(1, 4, 5, 6, 7, 9)",0.8990644812583923
"(1, 4, 5, 6, 8, 9)",0.9273668527603149
"(1, 4, 5, 7, 8, 9)",0.8170034885406494
"(1, 4, 6, 7, 8, 9)",0.9253544211387634
"(1, 5, 6, 7, 8, 9)",0.46289610862731934
"(2, 3, 4, 5, 6, 7)",0.9544553756713867
"(2, 3, 4, 5, 6, 8)",0.9607482552528381
"(2, 3, 4, 5, 6, 9)",0.9836379289627075
"(2, 3, 4, 5, 7, 8)",0.9185649752616882
"(2, 3, 4, 5, 7, 9)",0.9644196629524231
"(2, 3, 4, 5, 8, 9)",0.9709387421607971
"(2, 3, 4, 6, 7, 8)",0.9642934799194336
"(2, 3, 4, 6, 7, 9)",0.9893171191215515
"(2, 3, 4, 6, 8, 9)",0.9900193214416504
"(2, 3, 4, 7, 8, 9)",0.971067488193512
"(2, 3, 5, 6, 7, 8)",0.7966736555099487
"(2, 3, 5, 6, 7, 9)",0.9186922311782837
"(2, 3, 5, 6, 8, 9)",0.9370631575584412
"(2, 3, 5, 7, 8, 9)",0.8512736558914185
"(2, 3, 6, 7, 8, 9)",0.9256476759910583
"(2, 4, 5, 6, 7, 8)",0.9916046857833862
"(2, 4, 5, 6, 7, 9)",0.9968088269233704
"(2, 4, 5, 6, 8, 9)",0.9970420002937317
"(2, 4, 5, 7, 8, 9)",0.9928271174430847
"(2, 4, 6, 7, 8, 9)",0.9975093603134155
"(2, 5, 6, 7, 8, 9)",0.9868354797363281
"(3, 4, 5, 6, 7, 8)",0.28436392545700073
"(3, 4, 5, 6, 7, 9)",0.6813939809799194
"(3, 4, 5, 6, 8, 9)",0.7921423316001892
"(3, 4, 5, 7, 8, 9)",0.5650998950004578
"(3, 4, 6, 7, 8, 9)",0.7622219920158386
"(3, 5, 6, 7, 8, 9)",0.14617034792900085
"(4, 5, 6, 7, 8, 9)",0.9575943350791931
"(0, 1, 2, 3, 4, 5, 6)",0.9493669271469116
"(0, 1, 2, 3, 4, 5, 7)",0.9059914946556091
"(0, 1, 2, 3, 4, 5, 8)",0.9193059802055359
"(0, 1, 2, 3, 4, 5, 9)",0.9627252221107483
"(0, 1, 2, 3, 4, 6, 7)",0.9645757079124451
"(0, 1, 2, 3, 4, 6, 8)",0.9681330919265747
"(0, 1, 2, 3, 4, 6, 9)",0.9908973574638367
"(0, 1, 2, 3, 4, 7, 8)",0.9267748594284058
"(0, 1, 2, 3, 4, 7, 9)",0.977321445941925
"(0, 1, 2, 3, 4, 8, 9)",0.9772598743438721
"(0, 1, 2, 3, 5, 6, 7)",0.7400034666061401
"(0, 1, 2, 3, 5, 6, 8)",0.7762428522109985
"(0, 1, 2, 3, 5, 6, 9)",0.9145291447639465
"(0, 1, 2, 3, 5, 7, 8)",0.6335039138793945
"(0, 1, 2, 3, 5, 7, 9)",0.8189293146133423
"(0, 1, 2, 3, 5, 8, 9)",0.8553833961486816
"(0, 1, 2, 3, 6, 7, 8)",0.7689050436019897
"(0, 1, 2, 3, 6, 7, 9)",0.9362467527389526
"(0, 1, 2, 3, 6, 8, 9)",0.9346915483474731
"(0, 1, 2, 3, 7, 8, 9)",0.8464115262031555
"(0, 1, 2, 4, 5, 6, 7)",0.9906238913536072
"(0, 1, 2, 4, 5, 6, 8)",0.990872323513031
"(0, 1, 2, 4, 5, 6, 9)",0.9965140223503113
"(0, 1, 2, 4, 5, 7, 8)",0.980726957321167
"(0, 1, 2, 4, 5, 7, 9)",0.9923640489578247
"(0, 1, 2, 4, 5, 8, 9)",0.9925724267959595
"(0, 1, 2, 4, 6, 7, 8)",0.992715060710907
"(0, 1, 2, 4, 6, 7, 9)",0.9979109168052673
"(0, 1, 2, 4, 6, 8, 9)",0.997858464717865
"(0, 1, 2, 4, 7, 8, 9)",0.9933848977088928
"(0, 1, 2, 5, 6, 7, 8)",0.9569936394691467
"(0, 1, 2, 5, 6, 7, 9)",0.9850735068321228
"(0, 1, 2, 5, 6, 8, 9)",0.9860416054725647
"(0, 1, 2, 5, 7, 8, 9)",0.966273844242096
"(0, 1, 2, 6, 7, 8, 9)",0.9864250421524048
"(0, 1, 3, 4, 5, 6, 7)",0.17124536633491516
"(0, 1, 3, 4, 5, 6, 8)",0.26431524753570557
"(0, 1, 3, 4, 5, 6, 9)",0.6326783895492554
"(0, 1, 3, 4, 5, 7, 8)",0.12988243997097015
"(0, 1, 3, 4, 5, 7, 9)",0.4239272475242615
"(0, 1, 3, 4, 5, 8, 9)",0.5399085879325867
"(0, 1, 3, 4, 6, 7, 8)",0.22479990124702454
"(0, 1, 3, 4, 6, 7, 9)",0.6588451266288757
"(0, 1, 3, 4, 6, 8, 9)",0.7494390606880188
"(0, 1, 3, 4, 7, 8, 9)",0.5239366888999939
"(0, 1, 3, 5, 6, 7, 8)",0.014089503325521946
"(0, 1, 3, 5, 6, 7, 9)",0.07109533250331879
"(0, 1, 3, 5, 6, 8, 9)",0.13249851763248444
"(0, 1, 3, 5, 7, 8, 9)",0.05288090929389
"(0, 1, 3, 6, 7, 8, 9)",0.103786401450634
"(0, 1, 4, 5, 6, 7, 8)",0.7644785642623901
"(0, 1, 4, 5, 6, 7, 9)",0.932169497013092
"(0, 1, 4, 5, 6, 8, 9)",0.9512354731559753
"(0, 1, 4, 5, 7, 8, 9)",0.8696183562278748
"(0, 1, 4, 6, 7, 8, 9)",0.9541710615158081
"(0, 1, 5, 6, 7, 8, 9)",0.5937156081199646
"(0, 2, 3, 4, 5, 6, 7)",0.9681746363639832
"(0, 2, 3, 4, 5, 6, 8)",0.9708865284919739
"(0, 2, 3, 4, 5, 6, 9)",0.988639235496521
"(0, 2, 3, 4, 5, 7, 8)",0.9356350302696228
"(0, 2, 3, 4, 5, 7, 9)",0.972399115562439
"(0, 2, 3, 4, 5, 8, 9)",0.9779765009880066
"(0, 2, 3, 4, 6, 7, 8)",0.9748097062110901
"(0, 2, 3, 4, 6, 7, 9)",0.9925051927566528
"(0, 2, 3, 4, 6, 8, 9)",0.9929993152618408
"(0, 2, 3, 4, 7, 8, 9)",0.9772810339927673
"(0, 2, 3, 5, 6, 7, 8)",0.854476809501648
"(0, 2, 3, 5, 6, 7, 9)",0.9379992485046387
"(0, 2, 3, 5, 6, 8, 9)",0.9504035711288452
"(0, 2, 3, 5, 7, 8, 9)",0.8828229308128357
"(0, 2, 3, 6, 7, 8, 9)",0.9457277655601501
"(0, 2, 4, 5, 6, 7, 8)",0.9940250515937805
"(0, 2, 4, 5, 6, 7, 9)",0.9978485107421875
"(0, 2, 4, 5, 6, 8, 9)",0.998004138469696
"(0, 2, 4, 5, 7, 8, 9)",0.9945532083511353
"(0, 2, 4, 6, 7, 8, 9)",0.9982075691223145
"(0, 2, 5, 6, 7, 8, 9)",0.990616500377655
"(0, 3, 4, 5, 6, 7, 8)",0.42691004276275635
"(0, 3, 4, 5, 6, 7, 9)",0.7665616273880005
"(0, 3, 4, 5, 6, 8, 9)",0.8512733578681946
"(0, 3, 4, 5, 7, 8, 9)",0.6635691523551941
"(0, 3, 4, 6, 7, 8, 9)",0.8437175154685974
"(0, 3, 5, 6, 7, 8, 9)",0.22535745799541473
"(0, 4, 5, 6, 7, 8, 9)",0.9720759391784668
"(1, 2, 3, 4, 5, 6, 7)",0.9573158025741577
"(1, 2, 3, 4, 5, 6, 8)",0.9639395475387573
"(1, 2, 3, 4, 5, 6, 9)",0.9851662516593933
"(1, 2, 3, 4, 5, 7, 8)",0.9361501932144165
"(1, 2, 3, 4, 5, 7, 9)",0.9724445343017578
"(1, 2, 3, 4, 5, 8, 9)",0.9750595688819885
"(1, 2, 3, 4, 6, 7, 8)",0.9664063453674316
"(1, 2, 3, 4, 6, 7, 9)",0.9905293583869934
"(1, 2, 3, 4, 6, 8, 9)",0.9910220503807068
"(1, 2, 3, 4, 7, 8, 9)",0.978236198425293
"(1, 2, 3, 5, 6, 7, 8)",0.8023316264152527
"(1, 2, 3, 5, 6, 7, 9)",0.9325239658355713
"(1, 2, 3, 5, 6, 8, 9)",0.9463355541229248
"(1, 2, 3, 5, 7, 8, 9)",0.8802503347396851
"(1, 2, 3, 6, 7, 8, 9)",0.9371652007102966
"(1, 2, 4, 5, 6, 7, 8)",0.9921207427978516
"(1, 2, 4, 5, 6, 7, 9)",0.9970123767852783
"(1, 2, 4, 5, 6, 8, 9)",0.9970802664756775
"(1, 2, 4, 5, 7, 8, 9)",0.9934226870536804
"(1, 2, 4, 6, 7, 8, 9)",0.9977739453315735
"(1, 2, 5, 6, 7, 8, 9)",0.9875832200050354
"(1, 3, 4, 5, 6, 7, 8)",0.2709179222583771
"(1, 3, 4, 5, 6, 7, 9)",0.6740962862968445
"(1, 3, 4, 5, 6, 8, 9)",0.7792975306510925
"(1, 3, 4, 5, 7, 8, 9)",0.5648183226585388
"(1, 3, 4, 6, 7, 8, 9)",0.7474871277809143
"(1, 3, 5, 6, 7, 8, 9)",0.1384449601173401
"(1, 4, 5, 6, 7, 8, 9)",0.9524844884872437
"(2, 3, 4, 5, 6, 7, 8)",0.9792813062667847
"(2, 3, 4, 5, 6, 7, 9)",0.9917870163917542
"(2, 3, 4, 5, 6, 8, 9)",0.9929457306861877
"(2, 3, 4, 5, 7, 8, 9)",0.9827231168746948
"(2, 3, 4, 6, 7, 8, 9)",0.9935343265533447
"(2, 3, 5, 6, 7, 8, 9)",0.9619261622428894
"(2, 4, 5, 6, 7, 8, 9)",0.9984330534934998
"(3, 4, 5, 6, 7, 8, 9)",0.8598775863647461
"(0, 1, 2, 3, 4, 5, 6, 7)",0.9756553769111633
"(0, 1, 2, 3, 4, 5, 6, 8)",0.9777867794036865
"(0, 1, 2, 3, 4, 5, 6, 9)",0.9913430213928223
"(0, 1, 2, 3, 4, 5, 7, 8)",0.954901933670044
"(0, 1, 2, 3, 4, 5, 7, 9)",0.9806270003318787
"(0, 1, 2, 3, 4, 5, 8, 9)",0.9828739762306213
"(0, 1, 2, 3, 4, 6, 7, 8)",0.9807178974151611
"(0, 1, 2, 3, 4, 6, 7, 9)",0.9945900440216064
"(0, 1, 2, 3, 4, 6, 8, 9)",0.994485080242157
"(0, 1, 2, 3, 4, 7, 8, 9)",0.9842031002044678
"(0, 1, 2, 3, 5, 6, 7, 8)",0.874310314655304
"(0, 1, 2, 3, 5, 6, 7, 9)",0.9536463618278503
"(0, 1, 2, 3, 5, 6, 8, 9)",0.9613689184188843
"(0, 1, 2, 3, 5, 7, 8, 9)",0.9113500118255615
"(0, 1, 2, 3, 6, 7, 8, 9)",0.9586524963378906
"(0, 1, 2, 4, 5, 6, 7, 8)",0.9954881072044373
"(0, 1, 2, 4, 5, 6, 7, 9)",0.9983386993408203
"(0, 1, 2, 4, 5, 6, 8, 9)",0.9983491897583008
"(0, 1, 2, 4, 5, 7, 8, 9)",0.9954826831817627
"(0, 1, 2, 4, 6, 7, 8, 9)",0.9986384510993958
"(0, 1, 2, 5, 6, 7, 8, 9)",0.9923141598701477
"(0, 1, 3, 4, 5, 6, 7, 8)",0.4011497497558594
"(0, 1, 3, 4, 5, 6, 7, 9)",0.7615931630134583
"(0, 1, 3, 4, 5, 6, 8, 9)",0.8408119678497314
"(0, 1, 3, 4, 5, 7, 8, 9)",0.6651043891906738
"(0, 1, 3, 4, 6, 7, 8, 9)",0.8347111344337463
"(0, 1, 3, 5, 6, 7, 8, 9)",0.21052873134613037
"(0, 1, 4, 5, 6, 7, 8, 9)",0.9697306156158447
"(0, 2, 3, 4, 5, 6, 7, 8)",0.9854058027267456
"(0, 2, 3, 4, 5, 6, 7, 9)",0.994249701499939
"(0, 2, 3, 4, 5, 6, 8, 9)",0.9950785636901855
"(0, 2, 3, 4, 5, 7, 8, 9)",0.9868242144584656
"(0, 2, 3, 4, 6, 7, 8, 9)",0.9953234791755676
"(0, 2, 3, 5, 6, 7, 8, 9)",0.9722896814346313
"(0, 2, 4, 5, 6, 7, 8, 9)",0.9989252686500549
"(0, 3, 4, 5, 6, 7, 8, 9)",0.9062750935554504
"(1, 2, 3, 4, 5, 6, 7, 8)",0.9808270931243896
"(1, 2, 3, 4, 5, 6, 7, 9)",0.992774248123169
"(1, 2, 3, 4, 5, 6, 8, 9)",0.9934486746788025
"(1, 2, 3, 4, 5, 7, 8, 9)",0.9853819608688354
"(1, 2, 3, 4, 6, 7, 8, 9)",0.9944880604743958
"(1, 2, 3, 5, 6, 7, 8, 9)",0.9666379690170288
"(1, 2, 4, 5, 6, 7, 8, 9)",0.9984694123268127
"(1, 3, 4, 5, 6, 7, 8, 9)",0.85255366563797
"(2, 3, 4, 5, 6, 7, 8, 9)",0.9961674809455872
"(0, 1, 2, 3, 4, 5, 6, 7, 8)",0.9888644218444824
"(0, 1, 2, 3, 4, 5, 6, 7, 9)",0.995728075504303
"(0, 1, 2, 3, 4, 5, 6, 8, 9)",0.9960845708847046
"(0, 1, 2, 3, 4, 5, 7, 8, 9)",0.9897610545158386
"(0, 1, 2, 3, 4, 6, 7, 8, 9)",0.996543824672699
"(0, 1, 2, 3, 5, 6, 7, 8, 9)",0.9783216118812561
"(0, 1, 2, 4, 5, 6, 7, 8, 9)",0.9991021156311035
"(0, 1, 3, 4, 5, 6, 7, 8, 9)",0.901947021484375
"(0, 2, 3, 4, 5, 6, 7, 8, 9)",0.9973159432411194
"(1, 2, 3, 4, 5, 6, 7, 8, 9)",0.9964964985847473
